{
  "dataset": "BPIC2012-O",
  "batch_index": 23,
  "case_id": 206357,
  "prefix_activities": [
    "o_selected",
    "o_created",
    "o_sent",
    "o_cancelled",
    "o_selected",
    "o_created",
    "o_sent",
    "o_selected",
    "o_cancelled",
    "o_created",
    "o_sent",
    "o_cancelled"
  ],
  "stored_predicted_label": "o_created",
  "stored_predicted_prob": null,
  "model_predicted_label": "o_selected",
  "model_predicted_prob": 0.999988317489624,
  "predicted_class_index": 0,
  "L": 12,
  "feature_names": [
    "E1:o_selected",
    "E2:o_created",
    "E3:o_sent",
    "E4:o_cancelled",
    "E5:o_selected",
    "E6:o_created",
    "E7:o_sent",
    "E8:o_selected",
    "E9:o_cancelled",
    "E10:o_created",
    "E11:o_sent",
    "E12:o_cancelled"
  ],
  "phi_pad_replace": [
    -0.09329792824215614,
    0.1508152128985295,
    1.1603921129010044,
    -0.012378424921861062,
    -0.028549585935588068,
    1.4498879393992516,
    -0.014531068890713728,
    -0.03652817201442443,
    -0.001619566403902494,
    1.130228331298209,
    5.55806305121917,
    2.9764545229478525
  ],
  "base_value": -6.1709818840026855,
  "f_full": 6.0679545402526855,
  "verification": {
    "phi_method": "shap_permutation_on_mask_space",
    "base_value_true_empty": -6.1709818840026855,
    "base_value_shap": -6.1709818840026855,
    "base_value_diff": 0.0,
    "f_full_true": 6.0679545402526855,
    "f_reconstructed": 6.0679545402526855,
    "additivity_error_vs_true_full": 0.0,
    "n_permutations_target": 1000,
    "max_evals": 13000,
    "explain_logit": true
  },
  "verification_loo": {
    "pearson_phi_vs_loo": 0.7842213269331653,
    "spearman_phi_vs_loo": 0.013986013986013986,
    "pearson_absphi_vs_absloo": 0.7965739096572871,
    "spearman_absphi_vs_absloo": 0.7902097902097902,
    "loo_deltas": [
      0.011660099029541016,
      -0.891230583190918,
      -0.2550687789916992,
      0.06741762161254883,
      0.013203144073486328,
      -0.41361045837402344,
      -0.25137758255004883,
      0.016723155975341797,
      0.0029935836791992188,
      -0.1117706298828125,
      4.789940595626831,
      7.278686046600342
    ]
  },
  "verification_topk": {
    "kmax": 10,
    "top1_positive": "E11:o_sent",
    "top1_abs": "E11:o_sent",
    "drops_topk_positive": [
      4.789940595626831,
      7.6248369216918945,
      7.593229293823242,
      7.77465033531189,
      7.698343276977539,
      12.717912673950195,
      12.713815689086914,
      12.694485664367676,
      12.969853401184082,
      12.894237995147705
    ],
    "drops_topk_abs": [
      4.789940595626831,
      7.6248369216918945,
      7.593229293823242,
      7.77465033531189,
      7.698343276977539,
      12.717912673950195,
      12.165331840515137,
      11.988935947418213,
      11.786483764648438,
      12.266568183898926
    ],
    "increases_remove_topk_negative": [
      -0.011660099029541016,
      -0.028623104095458984,
      -0.04237985610961914,
      0.20926380157470703,
      0.1614995002746582,
      0.16435909271240234,
      1.0886220932006836,
      1.2969403266906738,
      1.6194067001342773,
      2.34196138381958
    ]
  },
  "attention_alignment": {
    "attention_available": true,
    "attention_shape": [
      32,
      4,
      29,
      29
    ],
    "attn_last_row_mean_heads": [
      0.0010432966519147158,
      0.13563871383666992,
      0.008736133575439453,
      5.120194146002177e-06,
      0.0006902506574988365,
      0.21899381279945374,
      0.0031239453237503767,
      0.001566740102134645,
      4.010714746982558e-06,
      0.04802273213863373,
      0.22694069147109985,
      0.3552345335483551
    ],
    "pearson_attn_vs_absphi": 0.7397352301603466,
    "spearman_attn_vs_absphi": 0.916083916083916,
    "topk": 5,
    "topk_attn_indices_0based": [
      11,
      10,
      5,
      1,
      9
    ],
    "topk_absphi_indices_0based": [
      10,
      11,
      5,
      2,
      9
    ],
    "topk_overlap_count": 4,
    "topk_overlap_ratio": 0.8,
    "topk_attn_features": [
      "E12:o_cancelled",
      "E11:o_sent",
      "E6:o_created",
      "E2:o_created",
      "E10:o_created"
    ],
    "topk_absphi_features": [
      "E11:o_sent",
      "E12:o_cancelled",
      "E6:o_created",
      "E3:o_sent",
      "E10:o_created"
    ]
  },
  "settings": {
    "explain_logit": true,
    "n_permutations": 1000,
    "random_seed": 123
  }
}