{
  "dataset": "BPIC2012-O",
  "batch_index": 12,
  "case_id": 208607,
  "prefix_activities": [
    "o_selected",
    "o_created",
    "o_sent",
    "o_selected",
    "o_cancelled",
    "o_created",
    "o_sent",
    "o_sent_back",
    "o_selected",
    "o_cancelled",
    "o_created",
    "o_sent",
    "o_selected",
    "o_cancelled",
    "o_created",
    "o_sent",
    "o_cancelled",
    "o_selected",
    "o_created"
  ],
  "stored_predicted_label": "o_created",
  "stored_predicted_prob": null,
  "model_predicted_label": "o_sent",
  "model_predicted_prob": 0.9998008608818054,
  "predicted_class_index": 2,
  "L": 19,
  "feature_names": [
    "E1:o_selected",
    "E2:o_created",
    "E3:o_sent",
    "E4:o_selected",
    "E5:o_cancelled",
    "E6:o_created",
    "E7:o_sent",
    "E8:o_sent_back",
    "E9:o_selected",
    "E10:o_cancelled",
    "E11:o_created",
    "E12:o_sent",
    "E13:o_selected",
    "E14:o_cancelled",
    "E15:o_created",
    "E16:o_sent",
    "E17:o_cancelled",
    "E18:o_selected",
    "E19:o_created"
  ],
  "phi_deletion_only": [
    0.07539546070620418,
    -0.00011462904512882233,
    -0.8330728691071272,
    0.06691335933282971,
    0.04711584281176329,
    0.5074958894401789,
    -0.897701523732394,
    -1.6268818932585418,
    0.26311888406053185,
    0.12400532234460115,
    1.1022979500703514,
    -1.361227192915976,
    0.12080944702029228,
    0.03564910124987364,
    2.23863527784124,
    -3.335518855135888,
    0.18928699241951108,
    0.73031185567379,
    14.336889268364757
  ],
  "base_value": -5.634190082550049,
  "f_full": 6.14921760559082,
  "verification": {
    "phi_method": "shap_permutation_on_mask_space",
    "base_value_true_empty": -5.634190082550049,
    "base_value_shap": -5.634190082550049,
    "base_value_diff": 0.0,
    "f_full_true": 6.14921760559082,
    "f_reconstructed": 6.14921760559082,
    "additivity_error_vs_true_full": 0.0,
    "n_permutations_target": 1000,
    "max_evals": 20000,
    "explain_logit": true
  },
  "verification_loo": {
    "pearson_phi_vs_loo": 0.9471897986348218,
    "spearman_phi_vs_loo": 0.5649122807017543,
    "pearson_absphi_vs_absloo": 0.9633451567705462,
    "spearman_absphi_vs_absloo": 0.3017543859649122,
    "loo_deltas": [
      0.004536628723144531,
      0.015539169311523438,
      -0.002140522003173828,
      0.2319655418395996,
      0.23252487182617188,
      -0.09021377563476562,
      -0.09233617782592773,
      0.2553844451904297,
      0.53619384765625,
      0.5342578887939453,
      0.5789494514465332,
      0.2032337188720703,
      0.5792803764343262,
      0.5758585929870605,
      0.5886034965515137,
      0.5270700454711914,
      0.4785423278808594,
      0.5512309074401855,
      10.8618745803833
    ]
  },
  "verification_topk": {
    "kmax": 10,
    "top1_positive": "E19:o_created",
    "top1_abs": "E19:o_created",
    "drops_topk_positive": [
      10.8618745803833,
      10.74933671951294,
      10.8288893699646,
      18.153386116027832,
      20.200100898742676,
      18.360106468200684,
      29.068387985229492,
      12.364040851593018,
      19.1678466796875,
      32.474538803100586
    ],
    "drops_topk_abs": [
      10.8618745803833,
      10.811860084533691,
      10.886141777038574,
      10.862915992736816,
      10.741223812103271,
      10.773990154266357,
      10.818897724151611,
      10.929540634155273,
      10.714018821716309,
      10.846855163574219
    ],
    "increases_remove_topk_negative": [
      -0.5270700454711914,
      -0.29910707473754883,
      -0.9926691055297852,
      0.06275701522827148,
      0.36742639541625977,
      0.3674130439758301,
      0.7778940200805664,
      0.7794308662414551,
      0.7808237075805664,
      0.7827677726745605
    ]
  },
  "attention_alignment": {
    "attention_available": true,
    "attention_shape": [
      32,
      4,
      29,
      29
    ],
    "attn_last_row_mean_heads": [
      0.004287939053028822,
      0.024640383198857307,
      0.028522256761789322,
      0.004158871714025736,
      0.007494798861443996,
      0.03660416975617409,
      0.03621634095907211,
      0.01785293221473694,
      0.007318845484405756,
      0.011545457877218723,
      0.005714632570743561,
      0.0221710205078125,
      0.00930861011147499,
      0.007228125352412462,
      0.04523049667477608,
      0.42138803005218506,
      0.0076379915699362755,
      0.02482190728187561,
      0.2778572738170624
    ],
    "pearson_attn_vs_absphi": 0.66465177991016,
    "spearman_attn_vs_absphi": 0.6491228070175438,
    "topk": 5,
    "topk_attn_indices_0based": [
      15,
      18,
      14,
      5,
      6
    ],
    "topk_absphi_indices_0based": [
      18,
      15,
      14,
      7,
      11
    ],
    "topk_overlap_count": 3,
    "topk_overlap_ratio": 0.6,
    "topk_attn_features": [
      "E16:o_sent",
      "E19:o_created",
      "E15:o_created",
      "E6:o_created",
      "E7:o_sent"
    ],
    "topk_absphi_features": [
      "E19:o_created",
      "E16:o_sent",
      "E15:o_created",
      "E8:o_sent_back",
      "E12:o_sent"
    ]
  },
  "settings": {
    "explain_logit": true,
    "n_permutations": 1000,
    "random_seed": 123
  }
}