{
  "dataset": "BPIC2012-A",
  "batch_index": 8,
  "case_id": 206339,
  "prefix_activities": [
    "a_submitted",
    "a_partlysubmitted",
    "a_preaccepted",
    "a_accepted",
    "a_finalized",
    "a_activated"
  ],
  "stored_predicted_label": "a_partlysubmitted",
  "stored_predicted_prob": null,
  "model_predicted_label": "a_approved",
  "model_predicted_prob": 0.7290998697280884,
  "predicted_class_index": 6,
  "L": 6,
  "feature_names": [
    "E1:a_submitted",
    "E2:a_partlysubmitted",
    "E3:a_preaccepted",
    "E4:a_accepted",
    "E5:a_finalized",
    "E6:a_activated"
  ],
  "phi_deletion_only": [
    0.3240548145566066,
    0.687236323118293,
    1.0332653397715004,
    1.8944800832796995,
    5.6722333570388335,
    7.707375917157858
  ],
  "base_value": -16.148103713989258,
  "f_full": 1.1705420017242432,
  "verification": {
    "phi_method": "shap_permutation_on_mask_space",
    "base_value_true_empty": -16.148103713989258,
    "base_value_shap": -16.148103713989258,
    "base_value_diff": 0.0,
    "f_full_true": 1.1705420017242432,
    "f_reconstructed": 1.1705421209335327,
    "additivity_error_vs_true_full": 1.1920928955078125e-07,
    "n_permutations_target": 1000,
    "max_evals": 7000,
    "explain_logit": true
  },
  "verification_loo": {
    "pearson_phi_vs_loo": 0.32420326642584013,
    "spearman_phi_vs_loo": -0.08571428571428572,
    "pearson_absphi_vs_absloo": 0.9677612649127383,
    "spearman_absphi_vs_absloo": 1.0,
    "loo_deltas": [
      0.05105900764465332,
      0.2193651795387268,
      -0.3028751611709595,
      -0.35753870010375977,
      -0.6002143621444702,
      0.8022913932800293
    ]
  },
  "verification_topk": {
    "kmax": 6,
    "top1_positive": "E6:a_activated",
    "top1_abs": "E6:a_activated",
    "drops_topk_positive": [
      0.8022913932800293,
      7.301563501358032,
      12.974747896194458,
      14.760772943496704,
      17.31018090248108,
      17.3186457157135
    ],
    "drops_topk_abs": [
      0.8022913932800293,
      7.301563501358032,
      12.974747896194458,
      14.760772943496704,
      17.31018090248108,
      17.3186457157135
    ],
    "increases_remove_topk_negative": [
      -0.05105900764465332,
      -0.2813462018966675,
      -0.0820302963256836,
      -0.7435089349746704,
      -0.8258202075958252,
      -17.3186457157135
    ]
  },
  "attention_alignment": {
    "attention_available": true,
    "attention_shape": [
      32,
      4,
      7,
      7
    ],
    "attn_last_row_mean_heads": [
      0.21569181978702545,
      0.003934130072593689,
      0.05898831784725189,
      0.03871024772524834,
      0.13166171312332153,
      0.5510137677192688
    ],
    "pearson_attn_vs_absphi": 0.7454809173601225,
    "spearman_attn_vs_absphi": 0.37142857142857144,
    "topk": 5,
    "topk_attn_indices_0based": [
      5,
      0,
      4,
      2,
      3
    ],
    "topk_absphi_indices_0based": [
      5,
      4,
      3,
      2,
      1
    ],
    "topk_overlap_count": 4,
    "topk_overlap_ratio": 0.8,
    "topk_attn_features": [
      "E6:a_activated",
      "E1:a_submitted",
      "E5:a_finalized",
      "E3:a_preaccepted",
      "E4:a_accepted"
    ],
    "topk_absphi_features": [
      "E6:a_activated",
      "E5:a_finalized",
      "E4:a_accepted",
      "E3:a_preaccepted",
      "E2:a_partlysubmitted"
    ]
  },
  "settings": {
    "explain_logit": true,
    "n_permutations": 1000,
    "random_seed": 123
  }
}